the,17184
of,12864
or,6080
in,5696
and,5344
to,3840
is,2208
an,2112
which,2016
from,1920
on,1824
by,1792
financial,1728
that,1632
with,1568
as,1504
market,1376
for,1344
at,1312
main,1280
insurance,1248
finance,1056
model,1024
value,960
rate,896
capital,864
it,832
between,832
britannica,832
investment,832
stock,832
used,800
are,800
building,800
list,800
option,800
also,768
interest,768
structure,736
two,736
term,736
one,704
valuation,704
bank,704
swap,672
roof,640
bond,640
this,608
risk,608
wall,576
columns,576
window,544
usually,544
sometimes,544
equity,544
top,512
often,512
credit,512
tax,512
vertical,480
stone,480
management,480
pricing,480
markets,480
futures,480
exchange,480
options,480
classical,448
part,448
was,448
analysis,448
space,416
above,416
temple,416
order,416
return,416
money,416
see,384
small,384
more,384
horizontal,384
but,384
cash,384
volatility,384
securities,384
such,352
column,352
support,352
may,352
structural,352
medieval,352
they,352
accounting,352
banking,352
theory,352
wikipedia,320
arch,320
projecting,320
upper,320
other,320
decorative,320
called,320
portico,320
public,320
greek,320
flow,320
economics,320
derivative,320
currency,320
fund,320
real,320
end,288
some,288
through,288
large,288
its,288
open,288
terms,288
asset,288
debt,288
future,288
contract,288
free,256
page,256
flat,256
member,256
door,256
over,256
applied,256
where,256
each,256
into,256
girder,256
vault,256
plan,256
be,256
ancient,256
cornice,256
islamic,256
outline,256
account,256
corporate,256
time,256
forward,256
foreign,256
topics,256
software,256
dividend,256
life,256
act,256
banks,256
glossary,224
covered,224
supporting,224
great,224
bottom,224
formed,224
hall,224
business,224
side,224
so,224
enclosed,224
modern,224
three,224
under,224
not,224
lower,224
central,224
web,224
process,224
links,224
commodity,224
united,224
theorem,224
trading,224
trade,224
present,224
yield,224
company,224
savings,224
estate,224
stochastic,224
broker,224
passage,192
arches,192
edge,192
square,192
method,192
roman,192
use,192
steel,192
board,192
either,192
internal,192
walls,192
carved,192
metal,192
round,192
church,192
known,192
doric,192
house,192
their,192
ridge,192
block,192
generally,192
has,192
than,192
found,192
projects,192
english,192
members,192
ratio,192
dictionary,192
personal,192
tools,192
history,192
policy,192
income,192
loan,192
commission,192
carlo,192
portion,160
same,160
place,160
all,160
within,160
parapet,160
element,160
given,160
were,160
those,160
implied,160
face,160
straight,160
word,160
beam,160
screen,160
out,160
corinthian,160
circular,160
up,160
piece,160
decorated,160
sides,160
added,160
sloping,160
french,160
dome,160
floor,160
fixed,160
view,160
text,160
universal,160
john,160
retrieved,160
about,160
articles,160
regulatory,160
european,160
actuarial,160
relative,160
arbitrage,160
portfolio,160
bubble,160
crisis,160
cost,160
economic,160
index,160
binomial,160
methods,160
chartered,160
jump,128
abacus,128
below,128
direct,128
heavy,128
lowest,128
frame,128
meet,128
can,128
masonry,128
inner,128
court,128
story,128
weight,128
railing,128
plane,128
series,128
curve,128
along,128
ground,128
basilica,128
later,128
means,128
external,128
consisting,128
surface,128
brickwork,128
type,128
flying,128
made,128
especially,128
buttress,128
figure,128
placed,128
temples,128
classic,128
had,128
orders,128
systems,128
shafts,128
parallel,128
concave,128
springer,128
most,128
have,128
area,128
entrance,128
connected,128
triangular,128
base,128
timber,128
using,128
built,128
trim,128
bear,128
basis,128
university,128
arts,128
james,128
navigation,128
edit,128
privacy,128
statement,128
contracts,128
bodies,128
states,128
discounted,128
assets,128
default,128
hedge,128
mutual,128
measure,128
spread,128
black,128
deposit,128
average,128
health,128
ira,128
formula,128
monte,128
difference,128
numerical,128
tree,128
adviser,128
basel,128
forming,96
uppermost,96
body,96
separated,96
transfer,96
beyond,96
arcade,96
supported,96
though,96
cut,96
form,96
pier,96
ornament,96
inserted,96
early,96
handrail,96
capacity,96
imposed,96
without,96
barrel,96
lights,96
only,96
slope,96
chamber,96
set,96
keystone,96
left,96
types,96
pillar,96
designed,96
porch,96
cella,96
opening,96
around,96
east,96
indian,96
provides,96
shaft,96
style,96
now,96
nave,96
shape,96
frieze,96
elements,96
wood,96
stood,96
pavement,96
fluted,96
grooves,96
topped,96
flared,96
private,96
several,96
peristyle,96
driven,96
usual,96
raised,96
upon,96
range,96
having,96
create,96
tomb,96
length,96
behind,96
platform,96
vitruvius,96
if,96
rib,96
interior,96
design,96
pavilion,96
ionic,96
forms,96
geodesic,96
individual,96
equal,96
scheme,96
gothic,96
mouldings,96
sash,96
supports,96
niche,96
similar,96
there,96
rake,96
high,96
terminus,96
center,96
standing,96
naos,96
plinth,96
plate,96
posts,96
when,96
common,96
truss,96
et,96
oxford,96
citation,96
wikisource,96
store,96
commons,96
overview,96
resources,96
virtual,96
regulation,96
union,96
long,96
creation,96
net,96
working,96
mortgage,96
employee,96
benefit,96
federal,96
industrial,96
growth,96
brownian,96
equations,96
finite,96
swaps,96
caps,96
swaptions,96
exchanges,96
technical,96
behavioral,96
maturity,96
price,96
forex,96
trust,96
institute,96
committee,96
sciences,96
contents,64
slab,64
division,64
aisle,64
panel,64
monument,64
vessel,64
outside,64
limit,64
apse,64
chancel,64
choir,64
vaults,64
curved,64
while,64
profile,64
sharp,64
angle,64
manner,64
even,64
ashlar,64
sculpted,64
take,64
atrium,64
attic,64
bearing,64
cathedral,64
outer,64
ball,64
flower,64
came,64
latter,64
balusters,64
baluster,64
coping,64
load,64
span,64
bars,64
anchored,64
runs,64
down,64
off,64
struts,64
forces,64
crippling,64
single,64
pointed,64
turret,64
storey,64
piano,64
legal,64
describe,64
half,64
width,64
receding,64
low,64
divisions,64
ceiling,64
bay,64
front,64
brackets,64
stage,64
tower,64
bricks,64
laid,64
ornamental,64
outward,64
rustic,64
corners,64
garden,64
boutant,64
serves,64
chain,64
comes,64
bracket,64
windows,64
refers,64
level,64
serving,64
resist,64
lateral,64
thrust,64
romans,64
employed,64
like,64
caryatid,64
taking,64
rise,64
spiral,64
vestibule,64
altar,64
including,64
grotesque,64
divides,64
became,64
century,64
following,64
pedestal,64
describes,64
people,64
cleithral,64
latin,64
rooms,64
corbel,64
carry,64
section,64
cross,64
diagonal,64
rome,64
principal,64
four,64
south,64
imam,64
dipteral,64
double,64
architect,64
smooth,64
original,64
carried,64
deep,64
dromos,64
avenue,64
leading,64
larger,64
any,64
feature,64
estrade,64
defined,64
being,64
glazing,64
tracery,64
attached,64
rafters,64
enclosure,64
flint,64
areas,64
rather,64
concrete,64
buildings,64
carrying,64
gablets,64
after,64
terminated,64
enriched,64
molding,64
joints,64
mortar,64
rubbed,64
course,64
sloped,64
point,64
loads,64
geometric,64
depending,64
location,64
hip,64
possibly,64
connecting,64
decoration,64
roofs,64
romanesque,64
first,64
stop,64
name,64
recessed,64
lattice,64
framework,64
strips,64
light,64
six,64
lightning,64
earth,64
purpose,64
strike,64
houses,64
gallery,64
shaped,64
sanctuary,64
marriage,64
mascaron,64
tall,64
spire,64
conical,64
near,64
give,64
modillion,64
probably,64
triglyphs,64
resembles,64
mutule,64
soffit,64
supposed,64
wooden,64
upright,64
post,64
stair,64
been,64
whose,64
parclose,64
protection,64
structures,64
enclose,64
thus,64
thicker,64
wider,64
continuous,64
peristasis,64
ecclesial,64
angles,64
ornaments,64
tops,64
bench,64
filling,64
referring,64
engaged,64
rear,64
equivalent,64
scoinson,64
revolving,64
room,64
screens,64
sequence,64
voussoir,64
commonly,64
chords,64
wing,64
look,64
cambridge,64
online,64
deurer,64
related,64
april,64
find,64
masses,64
hyphens,64
november,64
menu,64
logged,64
accountlog,64
namespaces,64
article,64
talk,64
variants,64
views,64
read,64
search,64
helpabout,64
what,64
linkpage,64
itemcite,64
version,64
languages,64
last,64
edited,64
available,64
creative,64
additional,64
you,64
agree,64
registered,64
trademark,64
wikimedia,64
contact,64
developers,64
cookie,64
mobile,64
monetary,64
risks,64
record,64
constraint,64
industry,64
country,64
raising,64
contingent,64
claim,64
project,64
modeling,64
financing,64
rates,64
short,64
vasicek,64
hullwhite,64
chen,64
fisher,64
equation,64
crowding,64
annual,64
coverage,64
gold,64
mark,64
separation,64
reference,64
day,64
position,64
trader,64
payment,64
annuity,64
perpetuity,64
mania,64
war,64
depression,64
crash,64
asian,64
statements,64
balance,64
sheet,64
philosophy,64
multiplier,64
ethical,64
number,64
weighted,64
managerial,64
mergers,64
leveraged,64
buyout,64
takeover,64
raid,64
current,64
quantity,64
production,64
efficient,64
hypothesis,64
education,64
card,64
retirement,64
simple,64
social,64
security,64
advantage,64
comparison,64
reserve,64
property,64
earthquake,64
loss,64
insurable,64
self,64
motion,64
partial,64
american,64
greeks,64
trinomial,64
historical,64
floors,64
models,64
per,64
libor,64
initial,64
offering,64
bull,64
dow,64
treasury,64
pe,64
effect,64
accrual,64
municipal,64
duration,64
convexity,64
agreement,64
seasonal,64
exotic,64
binary,64
cap,64
bermudan,64
warrants,64
inverse,64
constant,64
note,64
obligation,64
license,64
planner,64
analyst,64
manager,64
national,64
services,64
discount,64
commercial,64
community,64
society,64
brokerage,64
lender,64
law,64
news,64
knowledge,64
access,64
site,64
notes,32
references,32
accolade,32
sculptural,32
subsidiary,32
alongside,32
apron,32
marine,32
terminal,32
adjacent,32
cargo,32
vehicular,32
passageway,32
wear,32
asphalt,32
paving,32
due,32
repetitive,32
turning,32
movements,32
vaulted,32
polygonal,32
opposite,32
churches,32
seated,32
walkway,32
succession,32
blind,32
capable,32
spanning,32
architrave,32
formalized,32
molded,32
borrowing,32
arris,32
surfaces,32
corner,32
arrowslit,32
thin,32
aperture,32
archer,32
launch,32
jointing,32
parts,32
clear,32
distinct,32
relation,32
blocks,32
faces,32
atlas,32
toplit,32
rising,32
bahut,32
balconet,32
false,32
cup,32
vogue,32
fanciful,32
moulded,32
inadequate,32
augmented,32
centroid,32
assume,32
tension,32
stand,32
sized,32
accept,32
bargeboard,32
fastened,32
gables,32
extrusion,32
pair,32
case,32
bartizan,32
basement,32
entirely,32
partially,32
originally,32
roofed,32
erected,32
disposing,32
aisled,32
plans,32
batement,32
batter,32
upwardly,32
battlement,32
defensive,32
gaps,32
occur,32
intervals,32
allow,32
discharge,32
arrows,32
bays,32
divided,32
subtle,32
boundaries,32
marked,32
storeys,32
angled,32
bow,32
rests,32
corbels,32
starts,32
dais,32
belfry,32
bells,32
boss,32
ribbed,32
bossage,32
uncut,32
bossages,32
stones,32
seem,32
advance,32
reason,32
channels,32
chiefly,32
cavity,32
indenture,32
cavetto,32
include,32
sustain,32
strong,32
massive,32
jamb,32
verb,32
overhangs,32
bressummer,32
jettied,32
brise,32
soleil,32
fins,32
canopies,32
shade,32
bullseye,32
oval,32
bulwark,32
barricade,32
beams,32
soil,32
mount,32
ships,32
woodwork,32
running,32
ship,32
anything,32
dutch,32
bolwerk,32
stabilize,32
transmits,32
abutment,32
cancellus,32
barriers,32
correspond,32
balustrade,32
dividing,32
occupied,32
ministers,32
hence,32
cancelli,32
partition,32
portions,32
courts,32
cantilever,32
overhang,32
acting,32
flagpole,32
sticking,32
topmost,32
bc,32
female,32
her,32
casement,32
hung,32
hinged,32
swings,32
inward,32
caulicole,32
stalks,32
leaves,32
helices,32
scrolls,32
eumachia,32
christian,32
horseshoe,32
decorates,32
many,32
cave,32
chimera,32
mythical,32
chimney,32
pronaos,32
oracles,32
cincture,32
fillet,32
cinque,32
cento,32
prevalent,32
italy,32
result,32
revival,32
change,32
commenced,32
already,32
works,32
ghiberti,32
donatello,32
alberti,32
cippus,32
military,32
purposes,32
milestone,32
boundary,32
cippi,32
british,32
museum,32
show,32
funeral,32
throughout,32
designates,32
completely,32
covers,32
clerestory,32
containing,32
coffer,32
sunken,32
octagon,32
colarin,32
little,32
tuscan,32
compluvium,32
lighting,32
capping,32
covering,32
jutting,32
acanthus,32
shelf,32
cresting,32
ribs,32
spring,32
concealed,32
lighted,32
ventilated,32
examples,32
palaces,32
caesars,32
hadrians,32
villa,32
cuneus,32
theatre,32
scalae,32
occurred,32
cupola,32
diastyle,32
designate,32
diaulos,32
described,32
measured,32
stadia,32
rows,32
stormy,32
weather,32
rain,32
might,32
greece,32
foot,32
race,32
twice,32
diazoma,32
theater,32
separates,32
tiers,32
seating,32
intersects,32
dikka,32
tribune,32
koran,32
recited,32
prayers,32
intoned,32
diana,32
twelve,32
demeter,32
arsenal,32
dormer,32
protrudes,32
dormers,32
usable,32
adding,32
headroom,32
enabling,32
addition,32
impost,32
cubical,32
capitals,32
byzantine,32
springing,32
greatly,32
excess,32
lacking,32
beehive,32
tombs,32
successive,32
uses,32
egypt,32
paved,32
flanked,32
moldings,32
bands,32
lie,32
resting,32
entasis,32
convex,32
aesthetic,32
certain,32
slightly,32
diameter,32
decreased,32
serve,32
function,32
regarding,32
ephebeum,32
palaestra,32
furnished,32
should,32
third,32
served,32
exercises,32
youths,32
sixteen,32
eighteen,32
years,32
epinaos,32
parthenon,32
divan,32
our,32
eustyle,32
best,32
quarter,32
facade,32
exterior,32
fanlight,32
sets,32
radiating,32
fascia,32
feretory,32
chapel,32
ferreter,32
henry,32
flushwork,32
survivors,32
southern,32
proudwork,32
stands,32
specific,32
religious,32
exposed,32
otherwise,32
highest,32
footprint,32
directly,32
beneath,32
perimeter,32
literally,32
formeret,32
gable,32
edges,32
much,32
buttresses,32
very,32
period,32
paneling,32
finished,32
gadrooning,32
flutes,32
inverted,32
popular,32
during,32
italian,32
galletting,32
gallets,32
splinters,32
coarse,32
protect,32
stuck,32
gambrel,32
slopes,32
gargoyle,32
spout,32
convey,32
water,32
gauged,32
soft,32
achieve,32
fine,32
finish,32
narrow,32
gazebo,32
gardens,32
geison,32
points,32
sphere,32
connection,32
strengths,32
vary,32
downwards,32
hyphen,32
older,32
imperial,32
row,32
figures,32
unions,32
chinese,32
official,32
interlaced,32
thrown,32
alternate,32
former,32
mould,32
actually,32
intersect,32
ovolo,32
jagati,32
terrace,32
jettying,32
technique,32
dimensions,32
crown,32
marks,32
locking,32
pieces,32
lacunar,32
paneled,32
coffered,32
adorned,32
pattern,32
mullions,32
muntins,32
enters,32
rod,32
conductive,32
copper,32
zinc,32
coated,32
mounted,32
routed,32
safely,32
directing,32
electrical,32
charges,32
caused,32
avoid,32
damage,32
fire,32
lintel,32
spans,32
loculus,32
mausoleum,32
loggia,32
colonnade,32
located,32
lunette,32
mandapa,32
pillared,32
outdoor,32
maqsurah,32
mansard,32
curb,32
steeper,32
mansarde,32
noted,32
franois,32
meander,32
border,32
repeated,32
linear,32
mihrab,32
mosque,32
indicates,32
direction,32
minaret,32
prayer,32
bedmold,32
because,32
regulated,32
finishing,32
interval,32
observed,32
triglyph,32
come,32
axes,32
propylaea,32
athens,32
increased,32
chariots,32
beasts,32
sacrifice,32
mullion,32
bar,32
muqarnas,32
studded,32
represent,32
pegs,32
hold,32
rafter,32
follows,32
crowning,32
virtually,32
fulfilled,32
narthex,32
approach,32
newel,32
refer,32
exedra,32
reduced,32
retaining,32
heading,32
oculus,32
pantheon,32
oillets,32
arrow,32
slits,32
strictly,32
hole,32
circle,32
openings,32
circles,32
varied,32
trefoils,32
onion,32
slabs,32
marble,32
height,32
courses,32
constitute,32
orthostyle,32
instance,32
flanks,32
moorhayes,32
cullompton,32
england,32
hide,32
provide,32
against,32
associated,32
bridges,32
chantry,32
manorial,32
ending,32
pediment,32
surround,32
pelmet,32
pendentive,32
spandrels,32
peripteral,32
surrounded,32
distance,32
almost,32
whether,32
peripteros,32
catholic,32
courtyard,32
cloister,32
phiale,32
columned,32
nobile,32
pilaster,32
planceer,32
planchier,32
sense,32
correctly,32
corona,32
flanges,32
bolted,32
riveted,32
girders,32
stiffeners,32
augments,32
poppyheads,32
finials,32
terminate,32
pews,32
human,32
richly,32
knots,32
foliage,32
simply,32
thickness,32
derived,32
poupee,32
doll,32
puppet,32
portcullis,32
metallic,32
grid,32
blocking,32
gateway,32
castle,32
secondary,32
horse,32
carriage,32
motor,32
pass,32
occupants,32
alight,32
protected,32
prick,32
old,32
queen,32
quarters,32
prostyle,32
widely,32
spaced,32
apart,32
adjective,32
become,32
increase,32
size,32
isolated,32
pteroma,32
pycnostyle,32
closest,32
would,32
colonnaded,32
quoin,32
brick,32
quoins,32
facing,32
raking,32
run,32
hood,32
doorway,32
splay,32
vaulting,32
further,32
makes,32
excluding,32
drafts,32
typically,32
consists,32
doors,32
hang,32
rotate,32
axis,32
ends,32
comb,32
pyramid,32
monumental,32
domestic,32
america,32
rotunda,32
surmounted,32
encloses,32
operable,32
different,32
operation,32
hopper,32
scroll,32
featuring,32
circled,32
heart,32
among,32
foliated,32
plants,32
vines,32
sommer,32
summer,32
centerline,32
spandrel,32
sill,32
spere,32
tapering,32
pyramidal,32
squinch,32
proper,32
receive,32
octagonal,32
spherical,32
squint,32
providing,32
oblique,32
sunburst,32
art,32
systyle,32
thickly,32
diameters,32
framing,32
creating,32
timbers,32
jointed,32
pegged,32
mortise,32
tenon,32
trabeated,32
voussoirs,32
inside,32
radius,32
greater,32
stonework,32
glass,32
transom,32
component,32
vertically,32
tympanum,32
undercroft,32
cellar,32
storage,32
relatively,32
permits,32
vierendeel,32
fabricated,32
bending,32
resisted,32
volute,32
tapered,32
construct,32
projection,32
preceding,32
ching,32
depth,32
heritage,32
december,32
catacomb,32
cyril,32
richard,32
aia,32
owned,32
archived,32
october,32
film,32
sight,32
mentioned,32
really,32
nothing,32
my,32
guess,32
talking,32
georgian,32
photo,32
brice,32
clearly,32
visible,32
second,32
edition,32
press,32
francis,32
visual,32
new,32
wiley,32
egyptian,32
check,32
date,32
values,32
dates,32
provided,32
topical,32
guide,32
addresses,32
ways,32
raise,32
allocate,32
entailed,32
concepts,32
field,32
litigation,32
fraud,32
kingdom,32
lists,32
study,32
control,32
profiling,32
managing,32
matching,32
consumer,32
settlement,32
counseling,32
bankruptcy,32
diet,32
funding,32
gap,32
effective,32
nominal,32
percentage,32
leverage,32
liquidity,32
margin,32
impact,32
medium,32
coin,32
banknote,32
reset,32
absolute,32
coherent,32
deviation,32
spectral,32
expected,32
shortfall,32
entropic,32
scenario,32
standard,32
deferred,32
horizon,32
modified,32
unit,32
tulip,32
sea,32
vix,32
pervenit,32
usury,32
dishonest,32
profit,32
panic,32
railway,32
erie,32
inflation,32
weimar,32
republic,32
street,32
bretton,32
woods,32
accord,32
oil,32
energy,32
monday,32
downturn,32
housing,32
auditing,32
book,32
keeping,32
fasb,32
anonymous,32
automatic,32
teller,32
machine,32
subprime,32
withdrawal,32
budgeting,32
sources,32
action,32
covenant,32
conversion,32
cycle,32
supply,32
just,32
scoring,32
discounts,32
allowances,32
factoring,32
active,32
passive,32
activist,32
families,32
allocation,32
budget,32
coverdell,32
formerly,32
debit,32
employment,32
fringe,32
paycheck,32
salary,32
wage,32
literacy,32
predatory,32
lending,32
keogh,32
roth,32
sep,32
pension,32
living,32
wealth,32
club,32
collective,32
gains,32
gift,32
payroll,32
land,32
sales,32
excise,32
stamp,32
tariff,32
reform,32
science,32
annuities,32
extended,32
disability,32
injury,32
cover,32
flexible,32
spending,32
care,32
medical,32
shelter,32
permanent,32
variable,32
whole,32
auto,32
boiler,32
condo,32
home,32
title,32
pet,32
casualty,32
fidelity,32
liability,32
political,32
surety,32
terrorism,32
travel,32
retention,32
group,32
utility,32
poisson,32
calculus,32
feynmankac,32
lemma,32
martingale,32
lvy,32
markov,32
wiener,32
random,32
generation,32
heat,32
garch,32
rational,32
neutral,32
whaley,32
bjerksund,32
stensland,32
optimal,32
stopping,32
smile,32
sabr,32
edgeworth,32
via,32
although,32
formulae,32
exist,32
feminist,32
green,32
uneconomic,32
primary,32
rally,32
maker,32
jones,32
nasdaq,32
indices,32
line,32
composite,32
preferred,32
investing,32
reports,32
split,32
elliott,32
wave,32
principle,32
fibonacci,32
gordon,32
share,32
chart,32
patterns,32
dead,32
cat,32
bounce,32
january,32
twain,32
junk,32
bonds,32
sovereign,32
repurchase,32
codes,32
table,32
drawdowns,32
forfaiting,32
hedging,32
jesse,32
lauriston,32
livermore,32
traded,32
ownership,32
traders,32
slippage,32
breakout,32
macd,32
moving,32
parabolic,32
sar,32
charts,32
resistance,32
rsi,32
oscillator,32
trend,32
underlying,32
instrument,32
contango,32
box,32
call,32
put,32
parity,32
moneyness,32
straddle,32
vanilla,32
quanto,32
variance,32
warrant,32
swaption,32
power,32
reverse,32
dual,32
target,32
redemption,32
cms,32
steepener,32
snowball,32
floater,32
ratchet,32
total,32
governance,32
certified,32
cfa,32
consultant,32
canadian,32
accountant,32
subject,32
compromise,32
scam,32
insider,32
origins,32
petition,32
mill,32
ponzi,32
dealers,32
accords,32
ii,32
standards,32
regulators,32
authority,32
rulemaking,32
office,32
advisers,32
usa,32
patriot,32
factors,32
fair,32
intrinsic,32
operating,32
clean,32
dirty,32
decision,32
adjusted,32
residual,32
appraisal,32
image,32
processing,32
arab,32
world,32
africa,32
americas,32
asia,32
europe,32
oceania,32
advising,32
custodian,32
depository,32
merchant,32
offshore,32
swiss,32
holding,32
firm,32
prime,32
retail,32
clearing,32
rating,32
agency,32
export,32
agencies,32
government,32
sponsored,32
enterprise,32
hard,32
complex,32
marketing,32
theorists,32
sister,32
wiktionary,32
media,32
wikinews,32
quotations,32
wikiquote,32
texts,32
textbooks,32
wikibooks,32
learning,32
wharton,32
aimed,32
offer,32
focus,32
updated,32
excel,32
aswath,32
damodaran,32
grouped,32
topic,32
sites,32
discerning,32
wachowicz,32
full,32
bf,32
various,32
shared,32
blog,32
director,32
essential,32
suppliers,32
solutions,32
middle,32
outlines,32
general,32
culture,32
geography,32
places,32
fitness,32
events,32
logic,32
natural,32
physical,32
thinking,32
religion,32
belief,32
technology,32
melayu,32
